"area_fips","own_code","industry_code","agglvl_code","size_code","year","qtr","disclosure_code","area_title","own_title","industry_title","agglvl_title","size_title","annual_avg_estabs_count","annual_avg_emplvl","total_annual_wages","taxable_annual_wages","annual_contributions","annual_avg_wkly_wage","avg_annual_pay","lq_disclosure_code","lq_annual_avg_estabs_count","lq_annual_avg_emplvl","lq_total_annual_wages","lq_taxable_annual_wages","lq_annual_contributions","lq_annual_avg_wkly_wage","lq_avg_annual_pay","oty_disclosure_code","oty_annual_avg_estabs_count_chg","oty_annual_avg_estabs_count_pct_chg","oty_annual_avg_emplvl_chg","oty_annual_avg_emplvl_pct_chg","oty_total_annual_wages_chg","oty_total_annual_wages_pct_chg","oty_taxable_annual_wages_chg","oty_taxable_annual_wages_pct_chg","oty_annual_contributions_chg","oty_annual_contributions_pct_chg","oty_annual_avg_wkly_wage_chg","oty_annual_avg_wkly_wage_pct_chg","oty_avg_annual_pay_chg","oty_avg_annual_pay_pct_chg"
"01101","5","525","75","0","2000","A","","Montgomery County, Alabama","Private","Funds, trusts, and other financial vehicles","County, NAICS 3-digit -- by ownership sector","All establishment sizes",5,49,2308975,0,0,916,47608,"",1.13,0.56,0.47,0.00,0.00,0.84,0.84,"",2,66.7,9,22.5,671040,41.0,0,0.0,0,0.0,127,16.1,6574,16.0
"02020","5","525","75","0","2000","A","","Anchorage Borough, Alaska","Private","Funds, trusts, and other financial vehicles","County, NAICS 3-digit -- by ownership sector","All establishment sizes",30,555,26400897,0,0,914,47548,"",6.29,6.47,4.30,0.00,0.00,0.66,0.66,"",0,0.0,44,8.6,1974311,8.1,0,0.0,0,0.0,-5,-0.5,-238,-0.5
"02070","5","525","75","0","2000","A","","Dillingham Census Area, Alaska","Private","Funds, trusts, and other financial vehicles","County, NAICS 3-digit -- by ownership sector","All establishment sizes",6,34,728154,0,0,412,21416,"",58.95,21.87,8.18,0.00,0.00,0.37,0.37,"",0,0.0,2,6.2,72461,11.1,0,0.0,0,0.0,23,5.9,1189,5.9
"02110","5","525","75","0","2000","A","","Juneau Borough, Alaska","Private","Funds, trusts, and other financial vehicles","County, NAICS 3-digit -- by ownership sector","All establishment sizes",6,107,6804702,0,0,1224,63645,"",8.70,9.75,9.52,0.00,0.00,0.98,0.98,"",1,20.0,-2,-1.8,337367,5.2,0,0.0,0,0.0,79,6.9,4130,6.9
"02185","5","525","75","0","2000","A","","North Slope Borough, Alaska","Private","Funds, trusts, and other financial vehicles","County, NAICS 3-digit -- by ownership sector","All establishment sizes",6,169,8893184,0,0,1015,52779,"",45.95,31.52,12.89,0.00,0.00,0.41,0.41,"",0,0.0,7,4.3,582784,7.0,0,0.0,0,0.0,27,2.7,1401,2.7
"02201","5","525","75","0","2000","A","","Prince of Wales-Outer Ketchikan Census Area, Alaska","Private","Funds, trusts, and other financial vehicles","County, NAICS 3-digit -- by ownership sector","All establishment sizes",5,60,2289891,0,0,735,38218,"",33.19,46.18,31.64,0.00,0.00,0.69,0.69,"",0,0.0,-1,-1.6,-54153,-2.3,0,0.0,0,0.0,1,0.1,52,0.1
"02261","5","525","75","0","2000","A","","Valdez-Cordova Census Area, Alaska","Private","Funds, trusts, and other financial vehicles","County, NAICS 3-digit -- by ownership sector","All establishment sizes",5,59,2643880,0,0,861,44748,"",13.43,19.53,11.80,0.00,0.00,0.60,0.60,"",0,0.0,17,40.5,679362,34.6,0,0.0,0,0.0,-33,-3.7,-1749,-3.8
"02270","5","525","75","0","2000","A","","Wade Hampton Census Area, Alaska","Private","Funds, trusts, and other financial vehicles","County, NAICS 3-digit -- by ownership sector","All establishment sizes",6,83,1093302,0,0,253,13159,"",67.37,65.87,22.77,0.00,0.00,0.34,0.35,"",0,0.0,-6,-6.7,155346,16.6,0,0.0,0,0.0,50,24.6,2581,24.4
"06000","1","525","55","0","2000","A","","California -- Statewide","Federal Government","Funds, trusts, and other financial vehicles","State, NAICS 3-digit -- by ownership sector","All establishment sizes",1,1,0,0,0,0,0,"",2.54,0.48,0.00,0.00,0.00,0.00,0.00,"",0,0.0,1,100.0,0,0.0,0,0.0,0,0.0,0,0.0,0,0.0
"06000","5","525","55","0","2000","A","","California -- Statewide","Private","Funds, trusts, and other financial vehicles","State, NAICS 3-digit -- by ownership sector","All establishment sizes",767,7579,579792131,0,0,1471,76502,"",1.10,0.77,0.73,0.00,0.00,0.95,0.95,"",-62,-7.5,-217,-2.8,148140743,34.3,0,0.0,0,0.0,406,38.1,21132,38.2
"06007","1","525","75","0","2000","A","","Butte County, California","Federal Government","Funds, trusts, and other financial vehicles","County, NAICS 3-digit -- by ownership sector","All establishment sizes",1,1,0,0,0,0,0,"",409.07,100.40,0.00,0.00,0.00,0.00,0.00,"",0,0.0,1,100.0,0,0.0,0,0.0,0,0.0,0,0.0,0,0.0
"06013","5","525","75","0","2000","A","","Contra Costa County, California","Private","Funds, trusts, and other financial vehicles","County, NAICS 3-digit -- by ownership sector","All establishment sizes",25,240,13661078,0,0,1094,56901,"",1.47,1.07,0.73,0.00,0.00,0.68,0.68,"",-1,-3.8,40,20.0,2106719,18.2,0,0.0,0,0.0,-17,-1.5,-871,-1.5
"06029","5","525","75","0","2000","A","","Kern County, California","Private","Funds, trusts, and other financial vehicles","County, NAICS 3-digit -- by ownership sector","All establishment sizes",7,59,1097924,0,0,358,18609,"",0.74,0.37,0.12,0.00,0.00,0.33,0.33,"",1,16.7,17,40.5,438887,66.6,0,0.0,0,0.0,53,17.4,2760,17.4
"06041","5","525","75","0","2000","A","","Marin County, California","Private","Funds, trusts, and other financial vehicles","County, NAICS 3-digit -- by ownership sector","All establishment sizes",21,103,14179052,0,0,2643,137438,"",2.81,1.39,2.28,0.00,0.00,1.64,1.64,"",1,5.0,7,7.3,6426206,82.9,0,0.0,0,0.0,1094,70.6,56889,70.6
"06053","5","525","75","0","2000","A","","Monterey County, California","Private","Funds, trusts, and other financial vehicles","County, NAICS 3-digit -- by ownership sector","All establishment sizes",7,36,1321699,0,0,713,37057,"",0.97,0.33,0.21,0.00,0.00,0.63,0.63,"",-2,-22.2,1,2.9,120509,10.0,0,0.0,0,0.0,50,7.5,2573,7.5
"06067","5","525","75","0","2000","A","","Sacramento County, California","Private","Funds, trusts, and other financial vehicles","County, NAICS 3-digit -- by ownership sector","All establishment sizes",21,1726,70842367,0,0,790,41056,"",0.83,4.56,2.53,0.00,0.00,0.55,0.55,"",2,10.5,-29,-1.7,9136749,14.8,0,0.0,0,0.0,114,16.9,5893,16.8
"06071","5","525","75","0","2000","A","","San Bernardino County, California","Private","Funds, trusts, and other financial vehicles","County, NAICS 3-digit -- by ownership sector","All establishment sizes",11,122,4819998,0,0,761,39562,"",0.50,0.35,0.23,0.00,0.00,0.68,0.68,"",-4,-26.7,2,1.7,-1923510,-28.5,0,0.0,0,0.0,-320,-29.6,-16673,-29.6
"06075","5","525","75","0","2000","A","","San Francisco County, California","Private","Funds, trusts, and other financial vehicles","County, NAICS 3-digit -- by ownership sector","All establishment sizes",50,291,14825052,0,0,979,50887,"",1.82,0.72,0.32,0.00,0.00,0.45,0.45,"",-13,-20.6,-17,-5.5,-5102919,-25.6,0,0.0,0,0.0,-267,-21.4,-13884,-21.4
"06083","5","525","75","0","2000","A","","Santa Barbara County, California","Private","Funds, trusts, and other financial vehicles","County, NAICS 3-digit -- by ownership sector","All establishment sizes",17,45,2256083,0,0,968,50322,"",2.06,0.38,0.30,0.00,0.00,0.79,0.79,"",3,21.4,3,7.1,74538,3.4,0,0.0,0,0.0,-39,-3.9,-2035,-3.9
"06095","5","525","75","0","2000","A","","Solano County, California","Private","Funds, trusts, and other financial vehicles","County, NAICS 3-digit -- by ownership sector","All establishment sizes",3,15,396764,0,0,506,26305,"",0.56,0.19,0.08,0.00,0.00,0.43,0.43,"N",0,0,0,0,0,0,0,0,0,0,0,0,0,0
"06097","5","525","75","0","2000","A","","Sonoma County, California","Private","Funds, trusts, and other financial vehicles","County, NAICS 3-digit -- by ownership sector","All establishment sizes",6,44,2248409,0,0,981,51004,"",0.58,0.35,0.25,0.00,0.00,0.73,0.73,"",0,0.0,3,7.3,319114,16.5,0,0.0,0,0.0,65,7.1,3367,7.1
"06111","5","525","75","0","2000","A","","Ventura County, California","Private","Funds, trusts, and other financial vehicles","County, NAICS 3-digit -- by ownership sector","All establishment sizes",9,11,301889,0,0,516,26835,"",0.73,0.06,0.02,0.00,0.00,0.37,0.37,"",0,0.0,2,22.2,7439,2.5,0,0.0,0,0.0,-150,-22.5,-7806,-22.5
"08000","3","525","55","0","2000","A","","Colorado -- Statewide","Local Government","Funds, trusts, and other financial vehicles","State, NAICS 3-digit -- by ownership sector","All establishment sizes",5,99,4941886,0,0,956,49709,"",6.69,7.80,8.70,0.00,0.00,1.11,1.11,"",0,0.0,15,17.9,1038325,26.6,0,0.0,0,0.0,61,6.8,3192,6.9
"08005","5","525","75","0","2000","A","","Arapahoe County, Colorado","Private","Funds, trusts, and other financial vehicles","County, NAICS 3-digit -- by ownership sector","All establishment sizes",23,2201,122961771,0,0,1075,55877,"",1.95,11.73,7.24,0.00,0.00,0.62,0.62,"",2,9.5,-367,-14.3,-18799012,-13.3,0,0.0,0,0.0,13,1.2,672,1.2
"08013","5","525","75","0","2000","A","","Boulder County, Colorado","Private","Funds, trusts, and other financial vehicles","County, NAICS 3-digit -- by ownership sector","All establishment sizes",5,44,2013146,0,0,880,45753,"",0.63,0.37,0.19,0.00,0.00,0.51,0.51,"",0,0.0,6,15.8,455003,29.2,0,0.0,0,0.0,88,11.1,4569,11.1
"08041","5","525","75","0","2000","A","","El Paso County, Colorado","Private","Funds, trusts, and other financial vehicles","County, NAICS 3-digit -- by ownership sector","All establishment sizes",6,45,1990953,0,0,845,43918,"",0.64,0.29,0.20,0.00,0.00,0.68,0.68,"",0,0.0,-2,-4.3,32907,1.7,0,0.0,0,0.0,38,4.7,1960,4.7
"08059","5","525","75","0","2000","A","","Jefferson County, Colorado","Private","Funds, trusts, and other financial vehicles","County, NAICS 3-digit -- by ownership sector","All establishment sizes",7,21,982307,0,0,903,46963,"",0.62,0.15,0.10,0.00,0.00,0.66,0.66,"",2,40.0,6,40.0,447589,83.7,0,0.0,0,0.0,206,29.6,10711,29.5
"09000","5","525","55","0","2000","A","","Connecticut -- Statewide","Private","Funds, trusts, and other financial vehicles","State, NAICS 3-digit -- by ownership sector","All establishment sizes",122,5760,500111573,0,0,1670,86832,"",1.69,5.20,5.08,0.00,0.00,0.98,0.98,"",8,7.0,275,5.0,113146754,29.2,0,0.0,0,0.0,313,23.1,16280,23.1
"09001","5","525","75","0","2000","A","","Fairfield County, Connecticut","Private","Funds, trusts, and other financial vehicles","County, NAICS 3-digit -- by ownership sector","All establishment sizes",49,569,137679958,0,0,4651,241827,"",2.29,2.01,4.05,0.00,0.00,2.01,2.01,"",0,0.0,122,27.3,77467740,128.7,0,0.0,0,0.0,2062,79.6,107174,79.6
"09003","5","525","75","0","2000","A","","Hartford County, Connecticut","Private","Funds, trusts, and other financial vehicles","County, NAICS 3-digit -- by ownership sector","All establishment sizes",28,4077,285267595,0,0,1346,69967,"",1.71,12.30,10.12,0.00,0.00,0.82,0.82,"",3,12.0,-33,-0.8,11316054,4.1,0,0.0,0,0.0,64,5.0,3307,5.0
"09009","5","525","75","0","2000","A","","New Haven County, Connecticut","Private","Funds, trusts, and other financial vehicles","County, NAICS 3-digit -- by ownership sector","All establishment sizes",33,163,8287470,0,0,977,50817,"",2.25,0.67,0.46,0.00,0.00,0.68,0.68,"",4,13.8,13,8.7,1729106,26.4,0,0.0,0,0.0,136,16.2,7070,16.2
"10000","5","525","55","0","2000","A","","Delaware -- Statewide","Private","Funds, trusts, and other financial vehicles","State, NAICS 3-digit -- by ownership sector","All establishment sizes",23,170,9598904,0,0,1083,56326,"",1.40,0.63,0.50,0.00,0.00,0.78,0.78,"",2,9.5,28,19.7,2681289,38.8,0,0.0,0,0.0,143,15.2,7467,15.3
"12000","5","525","55","0","2000","A","","Florida -- Statewide","Private","Funds, trusts, and other financial vehicles","State, NAICS 3-digit -- by ownership sector","All establishment sizes",397,4452,206496934,0,0,892,46386,"",1.32,0.95,0.74,0.00,0.00,0.77,0.77,"",7,1.8,-40,-0.9,32554140,18.7,0,0.0,0,0.0,147,19.7,7659,19.8
"12021","5","525","75","0","2000","A","","Collier County, Florida","Private","Funds, trusts, and other financial vehicles","County, NAICS 3-digit -- by ownership sector","All establishment sizes",18,48,3574596,0,0,1430,74342,"",3.03,0.70,0.90,0.00,0.00,1.27,1.27,"",0,0.0,2,4.3,1374068,62.4,0,0.0,0,0.0,502,54.1,26067,54.0
"12057","5","525","75","0","2000","A","","Hillsborough County, Florida","Private","Funds, trusts, and other financial vehicles","County, NAICS 3-digit -- by ownership sector","All establishment sizes",24,601,23593212,0,0,754,39229,"",1.34,1.54,0.98,0.00,0.00,0.63,0.63,"",2,9.1,121,25.2,5242992,28.6,0,0.0,0,0.0,19,2.6,1019,2.7
"12095","5","525","75","0","2000","A","","Orange County, Florida","Private","Funds, trusts, and other financial vehicles","County, NAICS 3-digit -- by ownership sector","All establishment sizes",21,285,26565465,0,0,1790,93103,"",1.24,0.71,1.08,0.00,0.00,1.53,1.53,"",3,16.7,36,14.5,5146246,24.0,0,0.0,0,0.0,138,8.4,7197,8.4
"12099","5","525","75","0","2000","A","","Palm Beach County, Florida","Private","Funds, trusts, and other financial vehicles","County, NAICS 3-digit -- by ownership sector","All establishment sizes",52,346,23167654,0,0,1290,67055,"",2.11,1.09,1.05,0.00,0.00,0.97,0.97,"",1,2.0,30,9.5,4995806,27.5,0,0.0,0,0.0,184,16.6,9534,16.6
"12103","5","525","75","0","2000","A","","Pinellas County, Florida","Private","Funds, trusts, and other financial vehicles","County, NAICS 3-digit -- by ownership sector","All establishment sizes",25,476,26647296,0,0,1077,56001,"",1.46,1.65,1.51,0.00,0.00,0.92,0.92,"",0,0.0,19,4.2,9931148,59.4,0,0.0,0,0.0,374,53.2,19443,53.2
"12115","5","525","75","0","2000","A","","Sarasota County, Florida","Private","Funds, trusts, and other financial vehicles","County, NAICS 3-digit -- by ownership sector","All establishment sizes",9,12,706114,0,0,1094,56868,"",1.17,0.13,0.14,0.00,0.00,1.02,1.02,"",-1,-10.0,-8,-40.0,-60848,-7.9,0,0.0,0,0.0,344,45.9,17870,45.8
"12127","5","525","75","0","2000","A","","Volusia County, Florida","Private","Funds, trusts, and other financial vehicles","County, NAICS 3-digit -- by ownership sector","All establishment sizes",5,15,486247,0,0,613,31885,"",0.73,0.16,0.11,0.00,0.00,0.65,0.65,"",-1,-16.7,4,36.4,122631,33.7,0,0.0,0,0.0,1,0.2,35,0.1
"15000","5","525","55","0","2000","A","","Hawaii -- Statewide","Private","Funds, trusts, and other financial vehicles","State, NAICS 3-digit -- by ownership sector","All establishment sizes",19,72,3932140,0,0,1050,54613,"",0.84,0.20,0.18,0.00,0.00,0.91,0.91,"",-4,-17.4,-3,-4.0,-53861,-1.4,0,0.0,0,0.0,31,3.0,1643,3.1
"16000","5","525","55","0","2000","A","","Idaho -- Statewide","Private","Funds, trusts, and other financial vehicles","State, NAICS 3-digit -- by ownership sector","All establishment sizes",14,18,397852,0,0,423,22001,"",0.46,0.05,0.02,0.00,0.00,0.41,0.41,"",7,100.0,2,12.5,108776,37.6,0,0.0,0,0.0,66,18.5,3451,18.6
"17000","3","525","55","0","2000","A","","Illinois -- Statewide","Local Government","Funds, trusts, and other financial vehicles","State, NAICS 3-digit -- by ownership sector","All establishment sizes",5,276,12140387,0,0,845,43947,"",3.07,8.00,7.69,0.00,0.00,0.96,0.96,"",0,0.0,12,4.5,943336,8.4,0,0.0,0,0.0,29,3.6,1534,3.6
"17043","5","525","75","0","2000","A","","DuPage County, Illinois","Private","Funds, trusts, and other financial vehicles","County, NAICS 3-digit -- by ownership sector","All establishment sizes",34,478,42726760,0,0,1720,89433,"",1.62,1.24,1.33,0.00,0.00,1.07,1.07,"",2,6.2,27,6.0,13055573,44.0,0,0.0,0,0.0,454,35.9,23582,35.8
"17089","5","525","75","0","2000","A","","Kane County, Illinois","Private","Funds, trusts, and other financial vehicles","County, NAICS 3-digit -- by ownership sector","All establishment sizes",5,25,233414,0,0,177,9214,"",0.75,0.20,0.03,0.00,0.00,0.15,0.15,"",0,0.0,0,0.0,6322,2.8,0,0.0,0,0.0,3,1.7,190,2.1
"17097","5","525","75","0","2000","A","","Lake County, Illinois","Private","Funds, trusts, and other financial vehicles","County, NAICS 3-digit -- by ownership sector","All establishment sizes",16,68,2516486,0,0,712,37007,"",1.34,0.33,0.15,0.00,0.00,0.44,0.44,"",-2,-11.1,1,1.5,-122550,-4.6,0,0.0,0,0.0,-42,-5.6,-2187,-5.6
"17163","5","525","75","0","2000","A","","St. Clair County, Illinois","Private","Funds, trusts, and other financial vehicles","County, NAICS 3-digit -- by ownership sector","All establishment sizes",7,33,846278,0,0,499,25973,"",2.04,0.56,0.27,0.00,0.00,0.49,0.49,"",0,0.0,1,3.1,-17848,-2.1,0,0.0,0,0.0,-24,-4.6,-1244,-4.6
"17167","5","525","75","0","2000","A","","Sangamon County, Illinois","Private","Funds, trusts, and other financial vehicles","County, NAICS 3-digit -- by ownership sector","All establishment sizes",12,63,2287766,0,0,701,36458,"",3.53,0.66,0.35,0.00,0.00,0.54,0.54,"",1,9.1,6,10.5,284533,14.2,0,0.0,0,0.0,29,4.3,1518,4.3
"18057","5","525","75","0","2000","A","","Hamilton County, Indiana","Private","Funds, trusts, and other financial vehicles","County, NAICS 3-digit -- by ownership sector","All establishment sizes",4,33,2700105,0,0,1598,83080,"",1.18,0.65,0.71,0.00,0.00,1.12,1.12,"",-1,-20.0,-46,-58.2,-2566562,-48.7,0,0.0,0,0.0,319,24.9,16554,24.9
"18089","5","525","75","0","2000","A","","Lake County, Indiana","Private","Funds, trusts, and other financial vehicles","County, NAICS 3-digit -- by ownership sector","All establishment sizes",10,44,1012459,0,0,448,23275,"",1.53,0.33,0.12,0.00,0.00,0.38,0.38,"",0,0.0,1,2.3,19429,2.0,0,0.0,0,0.0,2,0.4,91,0.4
"18141","5","525","75","0","2000","A","","St. Joseph County, Indiana","Private","Funds, trusts, and other financial vehicles","County, NAICS 3-digit -- by ownership sector","All establishment sizes",4,20,1193151,0,0,1172,60927,"",0.98,0.23,0.24,0.00,0.00,1.05,1.05,"",1,33.3,1,5.3,212818,21.7,0,0.0,0,0.0,175,17.6,9103,17.6
"18167","5","525","75","0","2000","A","","Vigo County, Indiana","Private","Funds, trusts, and other financial vehicles","County, NAICS 3-digit -- by ownership sector","All establishment sizes",6,75,1218111,0,0,314,16314,"",3.48,2.15,0.67,0.00,0.00,0.32,0.32,"",0,0.0,-50,-40.0,-86113,-6.6,0,0.0,0,0.0,114,57.0,5915,56.9
"19163","5","525","75","0","2000","A","","Scott County, Iowa","Private","Funds, trusts, and other financial vehicles","County, NAICS 3-digit -- by ownership sector","All establishment sizes",10,25,710791,0,0,547,28432,"",2.78,0.44,0.22,0.00,0.00,0.50,0.50,"",0,0.0,1,4.2,142706,25.1,0,0.0,0,0.0,90,19.7,4679,19.7
"20091","5","525","75","0","2000","A","","Johnson County, Kansas","Private","Funds, trusts, and other financial vehicles","County, NAICS 3-digit -- by ownership sector","All establishment sizes",14,109,5936271,0,0,1047,54461,"",1.17,0.57,0.43,0.00,0.00,0.75,0.75,"",3,27.3,8,7.9,1386280,30.5,0,0.0,0,0.0,184,21.3,9560,21.3
"22017","5","525","75","0","2000","A","","Caddo Parish, Louisiana","Private","Funds, trusts, and other financial vehicles","County, NAICS 3-digit -- by ownership sector","All establishment sizes",9,48,1367163,0,0,546,28384,"",1.88,0.61,0.31,0.00,0.00,0.50,0.50,"",0,0.0,1,2.1,190204,16.2,0,0.0,0,0.0,66,13.8,3431,13.7
"22019","5","525","75","0","2000","A","","Calcasieu Parish, Louisiana","Private","Funds, trusts, and other financial vehicles","County, NAICS 3-digit -- by ownership sector","All establishment sizes",6,26,1211767,0,0,882,45871,"",1.95,0.47,0.40,0.00,0.00,0.83,0.83,"",0,0.0,-2,-7.1,-19629,-1.6,0,0.0,0,0.0,46,5.5,2410,5.5
"22033","5","525","75","0","2000","A","","East Baton Rouge Parish, Louisiana","Private","Funds, trusts, and other financial vehicles","County, NAICS 3-digit -- by ownership sector","All establishment sizes",15,39,1216271,0,0,597,31054,"",1.69,0.24,0.13,0.00,0.00,0.55,0.55,"",-1,-6.2,-22,-36.1,-334681,-21.6,0,0.0,0,0.0,107,21.8,5594,22.0
"22051","5","525","75","0","2000","A","","Jefferson Parish, Louisiana","Private","Funds, trusts, and other financial vehicles","County, NAICS 3-digit -- by ownership sector","All establishment sizes",19,97,2675230,0,0,531,27627,"",2.00,0.68,0.34,0.00,0.00,0.50,0.50,"",2,11.8,-21,-17.8,-1105991,-29.2,0,0.0,0,0.0,-83,-13.5,-4304,-13.5
"23000","5","525","55","0","2000","A","","Maine -- Statewide","Private","Funds, trusts, and other financial vehicles","State, NAICS 3-digit -- by ownership sector","All establishment sizes",15,30,1099160,0,0,695,36137,"",0.50,0.08,0.05,0.00,0.00,0.67,0.67,"",0,0.0,-13,-30.2,-265239,-19.4,0,0.0,0,0.0,80,13.0,4159,13.0
"24003","5","525","75","0","2000","A","","Anne Arundel County, Maryland","Private","Funds, trusts, and other financial vehicles","County, NAICS 3-digit -- by ownership sector","All establishment sizes",3,48,2091376,0,0,831,43195,"",0.37,0.38,0.24,0.00,0.00,0.62,0.62,"N",0,0,0,0,0,0,0,0,0,0,0,0,0,0
"24005","5","525","75","0","2000","A","","Baltimore County, Maryland","Private","Funds, trusts, and other financial vehicles","County, NAICS 3-digit -- by ownership sector","All establishment sizes",19,473,22635377,0,0,921,47880,"",1.47,2.00,1.44,0.00,0.00,0.72,0.72,"",3,18.8,32,7.3,3171430,16.3,0,0.0,0,0.0,72,8.5,3719,8.4
"24031","5","525","75","0","2000","A","","Montgomery County, Maryland","Private","Funds, trusts, and other financial vehicles","County, NAICS 3-digit -- by ownership sector","All establishment sizes",20,390,29215031,0,0,1442,74990,"",1.01,1.32,1.16,0.00,0.00,0.88,0.88,"",-2,-9.1,-113,-22.5,-1550676,-5.0,0,0.0,0,0.0,266,22.6,13815,22.6
"24033","5","525","75","0","2000","A","","Prince George's County, Maryland","Private","Funds, trusts, and other financial vehicles","County, NAICS 3-digit -- by ownership sector","All establishment sizes",11,303,10284982,0,0,652,33925,"",1.15,1.51,0.71,0.00,0.00,0.47,0.47,"",2,22.2,26,9.4,1544416,17.7,0,0.0,0,0.0,45,7.4,2380,7.5
"25000","3","525","55","0","2000","A","","Massachusetts -- Statewide","Local Government","Funds, trusts, and other financial vehicles","State, NAICS 3-digit -- by ownership sector","All establishment sizes",7,85,2631747,0,0,595,30931,"",7.29,4.48,2.60,0.00,0.00,0.58,0.58,"",1,16.7,6,7.6,248194,10.4,0,0.0,0,0.0,17,2.9,855,2.8
"25005","5","525","75","0","2000","A","","Bristol County, Massachusetts","Private","Funds, trusts, and other financial vehicles","County, NAICS 3-digit -- by ownership sector","All establishment sizes",8,19,679518,0,0,679,35300,"",0.89,0.13,0.08,0.00,0.00,0.58,0.58,"",-1,-11.1,-5,-20.8,-48540,-6.7,0,0.0,0,0.0,83,13.9,4319,13.9
"25009","5","525","75","0","2000","A","","Essex County, Massachusetts","Private","Funds, trusts, and other financial vehicles","County, NAICS 3-digit -- by ownership sector","All establishment sizes",19,150,12386405,0,0,1592,82760,"",1.50,0.75,0.80,0.00,0.00,1.08,1.08,"",2,11.8,-17,-10.2,2943205,31.2,0,0.0,0,0.0,504,46.3,26186,46.3
"25013","5","525","75","0","2000","A","","Hampden County, Massachusetts","Private","Funds, trusts, and other financial vehicles","County, NAICS 3-digit -- by ownership sector","All establishment sizes",13,34,1307163,0,0,730,37981,"",1.69,0.25,0.15,0.00,0.00,0.60,0.60,"",0,0.0,-1,-2.9,44045,3.5,0,0.0,0,0.0,36,5.2,1892,5.2
"25017","5","525","75","0","2000","A","","Middlesex County, Massachusetts","Private","Funds, trusts, and other financial vehicles","County, NAICS 3-digit -- by ownership sector","All establishment sizes",32,174,15398484,0,0,1705,88667,"",1.06,0.31,0.27,0.00,0.00,0.86,0.86,"",5,18.5,3,1.8,920155,6.4,0,0.0,0,0.0,74,4.5,3874,4.6
"25021","5","525","75","0","2000","A","","Norfolk County, Massachusetts","Private","Funds, trusts, and other financial vehicles","County, NAICS 3-digit -- by ownership sector","All establishment sizes",14,33,1898948,0,0,1101,57255,"",1.03,0.15,0.11,0.00,0.00,0.68,0.68,"",2,16.7,12,57.1,708017,59.5,0,0.0,0,0.0,-12,-1.1,-604,-1.0
"25023","5","525","75","0","2000","A","","Plymouth County, Massachusetts","Private","Funds, trusts, and other financial vehicles","County, NAICS 3-digit -- by ownership sector","All establishment sizes",5,19,2141180,0,0,2196,114196,"",0.63,0.17,0.29,0.00,0.00,1.72,1.72,"",1,25.0,3,18.8,534359,33.3,0,0.0,0,0.0,244,12.5,12713,12.5
"25027","5","525","75","0","2000","A","","Worcester County, Massachusetts","Private","Funds, trusts, and other financial vehicles","County, NAICS 3-digit -- by ownership sector","All establishment sizes",13,51,1922112,0,0,726,37750,"",1.06,0.24,0.13,0.00,0.00,0.52,0.52,"",2,18.2,13,34.2,669655,53.5,0,0.0,0,0.0,84,13.1,4351,13.0
"26000","5","525","55","0","2000","A","","Michigan -- Statewide","Private","Funds, trusts, and other financial vehicles","State, NAICS 3-digit -- by ownership sector","All establishment sizes",156,1247,67623516,0,0,1043,54233,"",0.89,0.41,0.31,0.00,0.00,0.75,0.75,"",17,12.2,-36,-2.8,3382968,5.3,0,0.0,0,0.0,80,8.3,4172,8.3
"26081","5","525","75","0","2000","A","","Kent County, Michigan","Private","Funds, trusts, and other financial vehicles","County, NAICS 3-digit -- by ownership sector","All establishment sizes",11,61,2381644,0,0,757,39366,"",1.12,0.26,0.16,0.00,0.00,0.59,0.59,"",1,10.0,3,5.2,255684,12.0,0,0.0,0,0.0,46,6.5,2393,6.5
"26161","5","525","75","0","2000","A","","Washtenaw County, Michigan","Private","Funds, trusts, and other financial vehicles","County, NAICS 3-digit -- by ownership sector","All establishment sizes",7,79,6578044,0,0,1598,83091,"",1.25,0.61,0.65,0.00,0.00,1.06,1.06,"",2,40.0,-1,-1.2,732723,12.5,0,0.0,0,0.0,196,14.0,10176,14.0
"27123","5","525","75","0","2000","A","","Ramsey County, Minnesota","Private","Funds, trusts, and other financial vehicles","County, NAICS 3-digit -- by ownership sector","All establishment sizes",6,16,657318,0,0,807,41956,"",0.61,0.07,0.04,0.00,0.00,0.55,0.55,"",1,20.0,-1,-5.9,-30734,-4.5,0,0.0,0,0.0,9,1.1,465,1.1
"28000","5","525","55","0","2000","A","","Mississippi -- Statewide","Private","Funds, trusts, and other financial vehicles","State, NAICS 3-digit -- by ownership sector","All establishment sizes",26,84,6483714,0,0,1478,76882,"",0.61,0.11,0.18,0.00,0.00,1.56,1.56,"",2,8.3,16,23.5,1470527,29.3,0,0.0,0,0.0,57,4.0,2978,4.0
"28049","5","525","75","0","2000","A","","Hinds County, Mississippi","Private","Funds, trusts, and other financial vehicles","County, NAICS 3-digit -- by ownership sector","All establishment sizes",9,53,4156196,0,0,1503,78173,"",1.98,0.59,0.77,0.00,0.00,1.31,1.31,"",1,12.5,9,20.5,1411122,51.4,0,0.0,0,0.0,296,24.5,15428,24.6
"29000","3","525","55","0","2000","A","","Missouri -- Statewide","Local Government","Funds, trusts, and other financial vehicles","State, NAICS 3-digit -- by ownership sector","All establishment sizes",6,31,1200312,0,0,751,39035,"",7.35,2.00,2.05,0.00,0.00,1.03,1.03,"",0,0.0,6,24.0,217797,22.2,0,0.0,0,0.0,-18,-2.3,-932,-2.3
"29189","5","525","75","0","2000","A","","St. Louis County, Missouri","Private","Funds, trusts, and other financial vehicles","County, NAICS 3-digit -- by ownership sector","All establishment sizes",18,242,10735717,0,0,852,44317,"",0.79,0.57,0.34,0.00,0.00,0.59,0.59,"",2,12.5,8,3.4,1636503,18.0,0,0.0,0,0.0,103,13.8,5376,13.8
"31109","5","525","75","0","2000","A","","Lancaster County, Nebraska","Private","Funds, trusts, and other financial vehicles","County, NAICS 3-digit -- by ownership sector","All establishment sizes",7,27,1133668,0,0,810,42118,"",1.56,0.28,0.21,0.00,0.00,0.75,0.75,"",2,40.0,0,0.0,191576,20.3,0,0.0,0,0.0,145,21.8,7546,21.8
"32000","5","525","55","0","2000","A","","Nevada -- Statewide","Private","Funds, trusts, and other financial vehicles","State, NAICS 3-digit -- by ownership sector","All establishment sizes",66,1233,61733659,0,0,963,50054,"",1.97,1.83,1.45,0.00,0.00,0.79,0.79,"",15,29.4,877,246.3,43427383,237.2,0,0.0,0,0.0,-25,-2.5,-1308,-2.5
"32003","5","525","75","0","2000","A","","Clark County, Nevada","Private","Funds, trusts, and other financial vehicles","County, NAICS 3-digit -- by ownership sector","All establishment sizes",40,767,29498524,0,0,740,38460,"",2.07,1.66,1.02,0.00,0.00,0.61,0.61,"",10,33.3,468,156.5,17463921,145.1,0,0.0,0,0.0,-34,-4.4,-1790,-4.4
"32031","5","525","75","0","2000","A","","Washoe County, Nevada","Private","Funds, trusts, and other financial vehicles","County, NAICS 3-digit -- by ownership sector","All establishment sizes",19,184,14083286,0,0,1475,76679,"",2.61,1.47,1.76,0.00,0.00,1.20,1.20,"",1,5.6,141,327.9,9013628,177.8,0,0.0,0,0.0,-784,-34.7,-40765,-34.7
"33000","5","525","55","0","2000","A","","New Hampshire -- Statewide","Private","Funds, trusts, and other financial vehicles","State, NAICS 3-digit -- by ownership sector","All establishment sizes",25,137,8411610,0,0,1179,61287,"",0.81,0.34,0.31,0.00,0.00,0.90,0.90,"",-1,-3.8,9,7.0,1204008,16.7,0,0.0,0,0.0,96,8.9,4978,8.8
"33011","5","525","75","0","2000","A","","Hillsborough County, New Hampshire","Private","Funds, trusts, and other financial vehicles","County, NAICS 3-digit -- by ownership sector","All establishment sizes",10,70,3449697,0,0,952,49517,"",1.22,0.55,0.35,0.00,0.00,0.65,0.65,"",0,0.0,-1,-1.4,238264,7.4,0,0.0,0,0.0,85,9.8,4444,9.9
"33015","5","525","75","0","2000","A","","Rockingham County, New Hampshire","Private","Funds, trusts, and other financial vehicles","County, NAICS 3-digit -- by ownership sector","All establishment sizes",7,41,1851354,0,0,865,44972,"",1.01,0.48,0.31,0.00,0.00,0.64,0.64,"",0,0.0,11,36.7,-6772,-0.4,0,0.0,0,0.0,-336,-28.0,-17486,-28.0
"34000","5","525","55","0","2000","A","","New Jersey -- Statewide","Private","Funds, trusts, and other financial vehicles","State, NAICS 3-digit -- by ownership sector","All establishment sizes",140,2051,163966908,0,0,1537,79945,"",0.76,0.80,0.75,0.00,0.00,0.93,0.93,"",-12,-7.9,-127,-5.8,12824250,8.5,0,0.0,0,0.0,203,15.2,10558,15.2
"34013","5","525","75","0","2000","A","","Essex County, New Jersey","Private","Funds, trusts, and other financial vehicles","County, NAICS 3-digit -- by ownership sector","All establishment sizes",16,162,9495269,0,0,1124,58462,"",1.20,0.68,0.45,0.00,0.00,0.66,0.67,"",-2,-11.1,14,9.5,1573333,19.9,0,0.0,0,0.0,92,8.9,4784,8.9
"34021","5","525","75","0","2000","A","","Mercer County, New Jersey","Private","Funds, trusts, and other financial vehicles","County, NAICS 3-digit -- by ownership sector","All establishment sizes",8,51,2350334,0,0,895,46541,"",1.28,0.37,0.20,0.00,0.00,0.53,0.54,"",1,14.3,6,13.3,454190,24.0,0,0.0,0,0.0,83,10.2,4326,10.2
"34027","5","525","75","0","2000","A","","Morris County, New Jersey","Private","Funds, trusts, and other financial vehicles","County, NAICS 3-digit -- by ownership sector","All establishment sizes",17,106,12779782,0,0,2315,120375,"",1.55,0.58,0.59,0.00,0.00,1.01,1.01,"",-1,-5.6,-38,-26.4,-385284,-2.9,0,0.0,0,0.0,553,31.4,28739,31.4
"34039","5","525","75","0","2000","A","","Union County, New Jersey","Private","Funds, trusts, and other financial vehicles","County, NAICS 3-digit -- by ownership sector","All establishment sizes",17,38,1988230,0,0,997,51867,"",1.77,0.24,0.14,0.00,0.00,0.58,0.58,"",-2,-10.5,-2,-5.0,155745,8.5,0,0.0,0,0.0,109,12.3,5670,12.3
"35000","5","525","55","0","2000","A","","New Mexico -- Statewide","Private","Funds, trusts, and other financial vehicles","State, NAICS 3-digit -- by ownership sector","All establishment sizes",24,113,4351305,0,0,738,38366,"",0.75,0.24,0.17,0.00,0.00,0.71,0.71,"",-1,-4.0,-7,-5.8,-97762,-2.2,0,0.0,0,0.0,25,3.5,1290,3.5
"35001","5","525","75","0","2000","A","","Bernalillo County, New Mexico","Private","Funds, trusts, and other financial vehicles","County, NAICS 3-digit -- by ownership sector","All establishment sizes",10,95,3542450,0,0,720,37420,"",0.91,0.47,0.29,0.00,0.00,0.63,0.63,"",-1,-9.1,2,2.2,-218543,-5.8,0,0.0,0,0.0,-56,-7.2,-2912,-7.2
"35049","5","525","75","0","2000","A","","Santa Fe County, New Mexico","Private","Funds, trusts, and other financial vehicles","County, NAICS 3-digit -- by ownership sector","All establishment sizes",4,6,353846,0,0,1103,57380,"",1.21,0.16,0.17,0.00,0.00,1.04,1.04,"",0,0.0,-8,-57.1,20376,6.1,0,0.0,0,0.0,639,137.7,33274,138.0
"36001","5","525","75","0","2000","A","","Albany County, New York","Private","Funds, trusts, and other financial vehicles","County, NAICS 3-digit -- by ownership sector","All establishment sizes",12,156,5963323,0,0,737,38329,"",1.95,1.02,0.56,0.00,0.00,0.55,0.55,"",1,9.1,-2,-1.3,-936366,-13.6,0,0.0,0,0.0,-102,-12.2,-5294,-12.1
"36047","5","525","75","0","2000","A","","Kings County, New York","Private","Funds, trusts, and other financial vehicles","County, NAICS 3-digit -- by ownership sector","All establishment sizes",16,88,2671128,0,0,586,30469,"",0.62,0.30,0.15,0.00,0.00,0.51,0.51,"",-4,-20.0,-8,-8.3,-414716,-13.4,0,0.0,0,0.0,-32,-5.2,-1675,-5.2
"36055","5","525","75","0","2000","A","","Monroe County, New York","Private","Funds, trusts, and other financial vehicles","County, NAICS 3-digit -- by ownership sector","All establishment sizes",11,72,2917375,0,0,779,40519,"",0.97,0.27,0.16,0.00,0.00,0.59,0.59,"",-2,-15.4,0,0.0,-305559,-9.5,0,0.0,0,0.0,-83,-9.6,-4296,-9.6
"36059","5","525","75","0","2000","A","","Nassau County, New York","Private","Funds, trusts, and other financial vehicles","County, NAICS 3-digit -- by ownership sector","All establishment sizes",25,355,19423902,0,0,1053,54754,"",0.77,0.90,0.63,0.00,0.00,0.70,0.70,"",0,0.0,-156,-30.5,-1874992,-8.8,0,0.0,0,0.0,251,31.3,13053,31.3
"36067","5","525","75","0","2000","A","","Onondaga County, New York","Private","Funds, trusts, and other financial vehicles","County, NAICS 3-digit -- by ownership sector","All establishment sizes",14,98,3935914,0,0,776,40368,"",1.71,0.59,0.37,0.00,0.00,0.63,0.64,"",0,0.0,-5,-4.9,-505684,-11.4,0,0.0,0,0.0,-54,-6.5,-2789,-6.5
"36081","5","525","75","0","2000","A","","Queens County, New York","Private","Funds, trusts, and other financial vehicles","County, NAICS 3-digit -- by ownership sector","All establishment sizes",24,227,9484143,0,0,803,41750,"",0.98,0.72,0.44,0.00,0.00,0.61,0.61,"",-1,-4.0,12,5.6,1005517,11.9,0,0.0,0,0.0,43,5.7,2223,5.6
"36091","5","525","75","0","2000","A","","Saratoga County, New York","Private","Funds, trusts, and other financial vehicles","County, NAICS 3-digit -- by ownership sector","All establishment sizes",6,26,372957,0,0,275,14299,"",2.04,0.60,0.15,0.00,0.00,0.25,0.25,"",0,0.0,-13,-33.3,-99245,-21.0,0,0.0,0,0.0,44,19.0,2294,19.1
"36103","5","525","75","0","2000","A","","Suffolk County, New York","Private","Funds, trusts, and other financial vehicles","County, NAICS 3-digit -- by ownership sector","All establishment sizes",10,61,2290891,0,0,728,37866,"",0.35,0.16,0.08,0.00,0.00,0.51,0.51,"",1,11.1,11,22.0,-560333,-19.7,0,0.0,0,0.0,-360,-33.1,-18687,-33.0
"36119","5","525","75","0","2000","A","","Westchester County, New York","Private","Funds, trusts, and other financial vehicles","County, NAICS 3-digit -- by ownership sector","All establishment sizes",31,147,5822039,0,0,761,39583,"",1.38,0.55,0.24,0.00,0.00,0.43,0.43,"",3,10.7,40,37.4,1492560,34.5,0,0.0,0,0.0,-21,-2.7,-1069,-2.6
"37000","5","525","55","0","2000","A","","North Carolina -- Statewide","Private","Funds, trusts, and other financial vehicles","State, NAICS 3-digit -- by ownership sector","All establishment sizes",98,524,22224477,0,0,816,42406,"",0.66,0.21,0.14,0.00,0.00,0.70,0.70,"",12,14.0,-6,-1.1,777512,3.6,0,0.0,0,0.0,38,4.9,1965,4.9
"37081","5","525","75","0","2000","A","","Guilford County, North Carolina","Private","Funds, trusts, and other financial vehicles","County, NAICS 3-digit -- by ownership sector","All establishment sizes",9,52,1695943,0,0,629,32719,"",0.94,0.28,0.15,0.00,0.00,0.52,0.52,"",1,12.5,2,4.0,63809,3.9,0,0.0,0,0.0,-5,-0.8,-253,-0.8
"37183","5","525","75","0","2000","A","","Wake County, North Carolina","Private","Funds, trusts, and other financial vehicles","County, NAICS 3-digit -- by ownership sector","All establishment sizes",10,40,1584767,0,0,770,40036,"",0.69,0.16,0.09,0.00,0.00,0.58,0.58,"",2,25.0,12,42.9,350470,28.4,0,0.0,0,0.0,-83,-9.7,-4310,-9.7
"38000","5","525","55","0","2000","A","","North Dakota -- Statewide","Private","Funds, trusts, and other financial vehicles","State, NAICS 3-digit -- by ownership sector","All establishment sizes",7,52,1966571,0,0,732,38063,"",0.45,0.25,0.20,0.00,0.00,0.79,0.79,"",0,0.0,5,10.6,104472,5.6,0,0.0,0,0.0,-30,-3.9,-1556,-3.9
"39000","1","525","55","0","2000","A","","Ohio -- Statewide","Federal Government","Funds, trusts, and other financial vehicles","State, NAICS 3-digit -- by ownership sector","All establishment sizes",2,17,846353,0,0,957,49785,"",18.60,22.24,25.55,0.00,0.00,1.12,1.12,"",0,0.0,1,6.2,41971,5.2,0,0.0,0,0.0,-10,-1.0,-489,-1.0
"39035","1","525","75","0","2000","A","","Cuyahoga County, Ohio","Federal Government","Funds, trusts, and other financial vehicles","County, NAICS 3-digit -- by ownership sector","All establishment sizes",1,11,574489,0,0,1004,52226,"",67.40,97.07,104.08,0.00,0.00,1.04,1.04,"",0,0.0,0,0.0,13393,2.4,0,0.0,0,0.0,0,0.0,31,0.1
"39061","1","525","75","0","2000","A","","Hamilton County, Ohio","Federal Government","Funds, trusts, and other financial vehicles","County, NAICS 3-digit -- by ownership sector","All establishment sizes",1,6,271864,0,0,871,45311,"",105.25,76.23,69.13,0.00,0.00,0.88,0.88,"",0,0.0,1,20.0,28578,11.7,0,0.0,0,0.0,-20,-2.2,-1029,-2.2
"39095","5","525","75","0","2000","A","","Lucas County, Ohio","Private","Funds, trusts, and other financial vehicles","County, NAICS 3-digit -- by ownership sector","All establishment sizes",9,97,2102374,0,0,417,21693,"",1.23,0.62,0.21,0.00,0.00,0.34,0.34,"",0,0.0,4,4.3,149460,7.7,0,0.0,0,0.0,12,3.0,656,3.1
"40143","5","525","75","0","2000","A","","Tulsa County, Oklahoma","Private","Funds, trusts, and other financial vehicles","County, NAICS 3-digit -- by ownership sector","All establishment sizes",42,188,8926727,0,0,913,47462,"",3.52,0.84,0.65,0.00,0.00,0.77,0.78,"",1,2.4,-8,-4.1,598862,7.2,0,0.0,0,0.0,97,11.9,5045,11.9
"41000","5","525","55","0","2000","A","","Oregon -- Statewide","Private","Funds, trusts, and other financial vehicles","State, NAICS 3-digit -- by ownership sector","All establishment sizes",31,183,11699010,0,0,1229,63900,"",0.42,0.17,0.17,0.00,0.00,1.00,1.00,"",0,0.0,-3,-1.6,-279340,-2.3,0,0.0,0,0.0,-12,-1.0,-644,-1.0
"41051","5","525","75","0","2000","A","","Multnomah County, Oregon","Private","Funds, trusts, and other financial vehicles","County, NAICS 3-digit -- by ownership sector","All establishment sizes",16,111,7538479,0,0,1312,68222,"",0.98,0.37,0.35,0.00,0.00,0.94,0.94,"",4,33.3,9,8.8,-107932,-1.4,0,0.0,0,0.0,-136,-9.4,-7050,-9.4
"42043","5","525","75","0","2000","A","","Dauphin County, Pennsylvania","Private","Funds, trusts, and other financial vehicles","County, NAICS 3-digit -- by ownership sector","All establishment sizes",8,213,7362845,0,0,664,34540,"",1.82,1.87,0.98,0.00,0.00,0.52,0.52,"",1,14.3,-7,-3.2,-759488,-9.4,0,0.0,0,0.0,-46,-6.5,-2366,-6.4
"42091","5","525","75","0","2000","A","","Montgomery County, Pennsylvania","Private","Funds, trusts, and other financial vehicles","County, NAICS 3-digit -- by ownership sector","All establishment sizes",16,1226,51235555,0,0,803,41777,"",0.90,3.86,1.88,0.00,0.00,0.49,0.49,"",1,6.7,23,1.9,-5167064,-9.2,0,0.0,0,0.0,-99,-11.0,-5111,-10.9
"42129","5","525","75","0","2000","A","","Westmoreland County, Pennsylvania","Private","Funds, trusts, and other financial vehicles","County, NAICS 3-digit -- by ownership sector","All establishment sizes",7,135,2643182,0,0,378,19640,"",1.17,1.52,0.54,0.00,0.00,0.36,0.36,"",0,0.0,1,0.7,158498,6.4,0,0.0,0,0.0,21,5.9,1098,5.9
"44007","5","525","75","0","2000","A","","Providence County, Rhode Island","Private","Funds, trusts, and other financial vehicles","County, NAICS 3-digit -- by ownership sector","All establishment sizes",11,305,12978018,0,0,819,42586,"",0.95,1.59,1.04,0.00,0.00,0.65,0.65,"",-3,-21.4,-13,-4.1,2045856,18.7,0,0.0,0,0.0,158,23.9,8235,24.0
"47000","5","525","55","0","2000","A","","Tennessee -- Statewide","Private","Funds, trusts, and other financial vehicles","State, NAICS 3-digit -- by ownership sector","All establishment sizes",77,517,32725355,0,0,1217,63278,"",0.92,0.29,0.31,0.00,0.00,1.05,1.05,"",13,20.3,52,11.2,10231177,45.5,0,0.0,0,0.0,287,30.9,14938,30.9
"47065","5","525","75","0","2000","A","","Hamilton County, Tennessee","Private","Funds, trusts, and other financial vehicles","County, NAICS 3-digit -- by ownership sector","All establishment sizes",10,72,12873072,0,0,3458,179833,"",1.94,0.58,1.73,0.00,0.00,3.01,3.01,"",2,25.0,6,9.1,7839964,155.8,0,0.0,0,0.0,1982,134.3,103089,134.3
"48085","5","525","75","0","2000","A","","Collin County, Texas","Private","Funds, trusts, and other financial vehicles","County, NAICS 3-digit -- by ownership sector","All establishment sizes",5,5,154194,0,0,593,30839,"",0.79,0.05,0.02,0.00,0.00,0.39,0.39,"",0,0.0,-1,-16.7,16179,11.7,0,0.0,0,0.0,131,28.4,6836,28.5
"48121","5","525","75","0","2000","A","","Denton County, Texas","Private","Funds, trusts, and other financial vehicles","County, NAICS 3-digit -- by ownership sector","All establishment sizes",3,8,279954,0,0,710,36917,"",0.65,0.10,0.06,0.00,0.00,0.64,0.64,"N",0,0,0,0,0,0,0,0,0,0,0,0,0,0
"48167","5","525","75","0","2000","A","","Galveston County, Texas","Private","Funds, trusts, and other financial vehicles","County, NAICS 3-digit -- by ownership sector","All establishment sizes",8,79,3538181,0,0,865,44977,"",2.64,1.38,1.07,0.00,0.00,0.78,0.78,"",1,14.3,9,12.9,-71417,-2.0,0,0.0,0,0.0,-124,-12.5,-6466,-12.6
"48329","5","525","75","0","2000","A","","Midland County, Texas","Private","Funds, trusts, and other financial vehicles","County, NAICS 3-digit -- by ownership sector","All establishment sizes",9,16,485609,0,0,587,30509,"",3.44,0.47,0.24,0.00,0.00,0.50,0.50,"",2,28.6,3,23.1,69418,16.7,0,0.0,0,0.0,-41,-6.5,-2133,-6.5
"48355","5","525","75","0","2000","A","","Nueces County, Texas","Private","Funds, trusts, and other financial vehicles","County, NAICS 3-digit -- by ownership sector","All establishment sizes",8,57,2267207,0,0,759,39487,"",1.52,0.61,0.44,0.00,0.00,0.71,0.72,"",1,14.3,-1,-1.7,-134525,-5.6,0,0.0,0,0.0,-38,-4.8,-1982,-4.8
"48453","5","525","75","0","2000","A","","Travis County, Texas","Private","Funds, trusts, and other financial vehicles","County, NAICS 3-digit -- by ownership sector","All establishment sizes",24,278,11566926,0,0,799,41558,"",1.56,0.78,0.40,0.00,0.00,0.51,0.51,"",-1,-4.0,-13,-4.5,426403,3.8,0,0.0,0,0.0,64,8.7,3329,8.7
"50000","5","525","55","0","2000","A","","Vermont -- Statewide","Private","Funds, trusts, and other financial vehicles","State, NAICS 3-digit -- by ownership sector","All establishment sizes",12,81,3407120,0,0,806,41934,"",0.75,0.41,0.31,0.00,0.00,0.74,0.74,"",2,20.0,9,12.5,544423,19.0,0,0.0,0,0.0,42,5.5,2220,5.6
"50007","5","525","75","0","2000","A","","Chittenden County, Vermont","Private","Funds, trusts, and other financial vehicles","County, NAICS 3-digit -- by ownership sector","All establishment sizes",7,34,1431411,0,0,808,41997,"",1.85,0.54,0.34,0.00,0.00,0.63,0.63,"",1,16.7,5,17.2,226364,18.8,0,0.0,0,0.0,20,2.5,1032,2.5
"51041","5","525","75","0","2000","A","","Chesterfield County, Virginia","Private","Funds, trusts, and other financial vehicles","County, NAICS 3-digit -- by ownership sector","All establishment sizes",5,73,3376213,0,0,885,46039,"",1.22,1.03,0.76,0.00,0.00,0.74,0.74,"",0,0.0,-16,-18.0,-399060,-10.6,0,0.0,0,0.0,68,8.3,3541,8.3
"51059","5","525","75","0","2000","A","","Fairfax County, Virginia","Private","Funds, trusts, and other financial vehicles","County, NAICS 3-digit -- by ownership sector","All establishment sizes",13,157,6796574,0,0,834,43382,"",0.70,0.44,0.19,0.00,0.00,0.43,0.43,"",1,8.3,24,18.0,691346,11.3,0,0.0,0,0.0,-52,-5.9,-2695,-5.8
"51510","5","525","75","0","2000","A","","Alexandria City, Virginia","Private","Funds, trusts, and other financial vehicles","County, NAICS 3-digit -- by ownership sector","All establishment sizes",8,164,9104396,0,0,1066,55430,"",2.22,2.70,1.82,0.00,0.00,0.67,0.67,"N",0,0,0,0,0,0,0,0,0,0,0,0,0,0
"53053","5","525","75","0","2000","A","","Pierce County, Washington","Private","Funds, trusts, and other financial vehicles","County, NAICS 3-digit -- by ownership sector","All establishment sizes",4,17,980195,0,0,1082,56279,"",0.31,0.11,0.11,0.00,0.00,0.95,0.95,"",0,0.0,1,6.2,184963,23.3,0,0.0,0,0.0,121,12.6,6317,12.6
"53063","5","525","75","0","2000","A","","Spokane County, Washington","Private","Funds, trusts, and other financial vehicles","County, NAICS 3-digit -- by ownership sector","All establishment sizes",8,47,1428324,0,0,584,30390,"",0.83,0.38,0.20,0.00,0.00,0.53,0.53,"",1,14.3,-6,-11.3,-34365,-2.3,0,0.0,0,0.0,53,10.0,2792,10.1
"55025","5","525","75","0","2000","A","","Dane County, Wisconsin","Private","Funds, trusts, and other financial vehicles","County, NAICS 3-digit -- by ownership sector","All establishment sizes",6,59,1898053,0,0,621,32307,"",0.74,0.33,0.16,0.00,0.00,0.50,0.50,"",-1,-14.3,6,11.3,136309,7.7,0,0.0,0,0.0,-15,-2.4,-777,-2.3
"55133","5","525","75","0","2000","A","","Waukesha County, Wisconsin","Private","Funds, trusts, and other financial vehicles","County, NAICS 3-digit -- by ownership sector","All establishment sizes",9,600,30541621,0,0,980,50945,"",1.09,4.08,2.97,0.00,0.00,0.73,0.73,"N",0,0,0,0,0,0,0,0,0,0,0,0,0,0
"56000","5","525","55","0","2000","A","","Wyoming -- Statewide","Private","Funds, trusts, and other financial vehicles","State, NAICS 3-digit -- by ownership sector","All establishment sizes",6,23,614309,0,0,519,27003,"",0.43,0.15,0.08,0.00,0.00,0.51,0.51,"",0,0.0,5,27.8,55484,9.9,0,0.0,0,0.0,-78,-13.1,-4043,-13.0
"72000","5","525","55","0","2000","A","","Puerto Rico -- Statewide","Private","Funds, trusts, and other financial vehicles","State, NAICS 3-digit -- by ownership sector","All establishment sizes",7,48,1294183,0,0,517,26869,"",0.20,0.07,0.05,0.00,0.00,0.73,0.73,"",1,16.7,0,0.0,25694,2.0,0,0.0,0,0.0,7,1.4,350,1.3
"C1074","5","525","45","0","2000","A","","Albuquerque, NM MSA","Private","Funds, trusts, and other financial vehicles","MSA, NAICS 3-digit -- by ownership sector","All establishment sizes",11,95,3576450,0,0,723,37581,"",0.87,0.41,0.26,0.00,0.00,0.63,0.63,"",-1,-8.3,2,2.2,-194543,-5.2,0,0.0,0,0.0,-54,-6.9,-2822,-7.0
"C1090","5","525","45","0","2000","A","","Allentown-Bethlehem-Easton, PA-NJ MSA","Private","Funds, trusts, and other financial vehicles","MSA, NAICS 3-digit -- by ownership sector","All establishment sizes",6,17,730409,0,0,810,42139,"",0.52,0.08,0.05,0.00,0.00,0.65,0.65,"",1,20.0,-1,-5.6,82712,12.8,0,0.0,0,0.0,121,17.6,6322,17.7
"C1126","5","525","45","0","2000","A","","Anchorage, AK MSA","Private","Funds, trusts, and other financial vehicles","MSA, NAICS 3-digit -- by ownership sector","All establishment sizes",31,556,26405496,0,0,914,47520,"",5.50,5.93,4.01,0.00,0.00,0.68,0.68,"",-1,-3.1,42,8.2,1967697,8.1,0,0.0,0,0.0,-1,-0.1,-40,-0.1
"C1146","5","525","45","0","2000","A","","Ann Arbor, MI MSA","Private","Funds, trusts, and other financial vehicles","MSA, NAICS 3-digit -- by ownership sector","All establishment sizes",7,79,6578044,0,0,1598,83091,"",1.25,0.61,0.65,0.00,0.00,1.06,1.06,"",2,40.0,-1,-1.2,732723,12.5,0,0.0,0,0.0,196,14.0,10176,14.0
"C1242","5","525","45","0","2000","A","","Austin-Round Rock, TX MSA","Private","Funds, trusts, and other financial vehicles","MSA, NAICS 3-digit -- by ownership sector","All establishment sizes",27,284,11909995,0,0,805,41875,"",1.33,0.65,0.34,0.00,0.00,0.52,0.52,"",0,0.0,-11,-3.7,519001,4.6,0,0.0,0,0.0,63,8.5,3316,8.6
"C1254","5","525","45","0","2000","A","","Bakersfield, CA MSA","Private","Funds, trusts, and other financial vehicles","MSA, NAICS 3-digit -- by ownership sector","All establishment sizes",7,59,1097924,0,0,358,18609,"",0.74,0.37,0.12,0.00,0.00,0.33,0.33,"",1,16.7,17,40.5,438887,66.6,0,0.0,0,0.0,53,17.4,2760,17.4
"C1450","5","525","45","0","2000","A","","Boulder, CO MSA","Private","Funds, trusts, and other financial vehicles","MSA, NAICS 3-digit -- by ownership sector","All establishment sizes",5,44,2013146,0,0,880,45753,"",0.63,0.37,0.19,0.00,0.00,0.51,0.51,"",0,0.0,6,15.8,455003,29.2,0,0.0,0,0.0,88,11.1,4569,11.1
"C1486","5","525","45","0","2000","A","","Bridgeport-Stamford-Norwalk, CT MSA","Private","Funds, trusts, and other financial vehicles","MSA, NAICS 3-digit -- by ownership sector","All establishment sizes",49,569,137679958,0,0,4651,241827,"",2.29,2.01,4.05,0.00,0.00,2.01,2.01,"",0,0.0,122,27.3,77467740,128.7,0,0.0,0,0.0,2062,79.6,107174,79.6
"C1554","5","525","45","0","2000","A","","Burlington-South Burlington, VT MSA","Private","Funds, trusts, and other financial vehicles","MSA, NAICS 3-digit -- by ownership sector","All establishment sizes",7,34,1431411,0,0,808,41997,"",1.48,0.46,0.30,0.00,0.00,0.65,0.65,"",1,16.7,5,17.2,226364,18.8,0,0.0,0,0.0,20,2.5,1032,2.5
"C1686","5","525","45","0","2000","A","","Chattanooga, TN-GA MSA","Private","Funds, trusts, and other financial vehicles","MSA, NAICS 3-digit -- by ownership sector","All establishment sizes",10,72,12873072,0,0,3458,179833,"",1.48,0.47,1.48,0.00,0.00,3.15,3.15,"",2,25.0,6,9.1,7839964,155.8,0,0.0,0,0.0,1982,134.3,103089,134.3
"C1782","5","525","45","0","2000","A","","Colorado Springs, CO MSA","Private","Funds, trusts, and other financial vehicles","MSA, NAICS 3-digit -- by ownership sector","All establishment sizes",6,45,1990953,0,0,845,43918,"",0.61,0.28,0.19,0.00,0.00,0.68,0.68,"",0,0.0,-2,-4.3,32907,1.7,0,0.0,0,0.0,38,4.7,1960,4.7
"C1858","5","525","45","0","2000","A","","Corpus Christi, TX MSA","Private","Funds, trusts, and other financial vehicles","MSA, NAICS 3-digit -- by ownership sector","All establishment sizes",9,59,2313057,0,0,749,38929,"",1.43,0.55,0.39,0.00,0.00,0.71,0.71,"",1,12.5,-2,-3.3,-169237,-6.8,0,0.0,0,0.0,-37,-4.7,-1932,-4.7
"C1910","5","525","45","0","2000","A","","Dallas-Fort Worth-Arlington, TX MSA","Private","Funds, trusts, and other financial vehicles","MSA, NAICS 3-digit -- by ownership sector","All establishment sizes",136,1487,113055399,0,0,1463,76055,"",1.60,0.83,0.80,0.00,0.00,0.97,0.97,"",16,13.3,-73,-4.7,7758177,7.4,0,0.0,0,0.0,165,12.7,8535,12.6
"C1966","5","525","45","0","2000","A","","Deltona-Daytona Beach-Ormond Beach, FL MSA","Private","Funds, trusts, and other financial vehicles","MSA, NAICS 3-digit -- by ownership sector","All establishment sizes",5,15,486247,0,0,613,31885,"",0.73,0.16,0.11,0.00,0.00,0.65,0.65,"",-1,-16.7,4,36.4,122631,33.7,0,0.0,0,0.0,1,0.2,35,0.1
"C2434","5","525","45","0","2000","A","","Grand Rapids-Wyoming, MI MSA","Private","Funds, trusts, and other financial vehicles","MSA, NAICS 3-digit -- by ownership sector","All establishment sizes",11,61,2381644,0,0,757,39366,"",0.94,0.24,0.14,0.00,0.00,0.60,0.60,"",1,10.0,3,5.2,255684,12.0,0,0.0,0,0.0,46,6.5,2393,6.5
"C2554","5","525","45","0","2000","A","","Hartford-West Hartford-East Hartford, CT MSA","Private","Funds, trusts, and other financial vehicles","MSA, NAICS 3-digit -- by ownership sector","All establishment sizes",30,4994,347304556,0,0,1337,69543,"",1.41,12.46,10.48,0.00,0.00,0.84,0.84,"",3,11.1,123,2.5,27939079,8.7,0,0.0,0,0.0,76,6.0,3972,6.1
"C2714","5","525","45","0","2000","A","","Jackson, MS MSA","Private","Funds, trusts, and other financial vehicles","MSA, NAICS 3-digit -- by ownership sector","All establishment sizes",10,57,4300563,0,0,1447,75229,"",1.23,0.38,0.52,0.00,0.00,1.34,1.35,"",2,25.0,13,29.5,1555489,56.7,0,0.0,0,0.0,240,19.9,12484,19.9
"C2894","5","525","45","0","2000","A","","Knoxville, TN MSA","Private","Funds, trusts, and other financial vehicles","MSA, NAICS 3-digit -- by ownership sector","All establishment sizes",5,15,370453,0,0,472,24560,"",0.53,0.08,0.03,0.00,0.00,0.41,0.41,"",1,25.0,5,50.0,181238,95.8,0,0.0,0,0.0,89,23.2,4643,23.3
"C2934","5","525","45","0","2000","A","","Lake Charles, LA MSA","Private","Funds, trusts, and other financial vehicles","MSA, NAICS 3-digit -- by ownership sector","All establishment sizes",6,26,1211767,0,0,882,45871,"",1.85,0.45,0.38,0.00,0.00,0.83,0.83,"",0,0.0,-2,-7.1,-19629,-1.6,0,0.0,0,0.0,46,5.5,2410,5.5
"C2982","5","525","45","0","2000","A","","Las Vegas-Henderson-Paradise, NV MSA","Private","Funds, trusts, and other financial vehicles","MSA, NAICS 3-digit -- by ownership sector","All establishment sizes",40,767,29498524,0,0,740,38460,"",2.07,1.66,1.02,0.00,0.00,0.61,0.61,"",10,33.3,468,156.5,17463921,145.1,0,0.0,0,0.0,-34,-4.4,-1790,-4.4
"C3070","5","525","45","0","2000","A","","Lincoln, NE MSA","Private","Funds, trusts, and other financial vehicles","MSA, NAICS 3-digit -- by ownership sector","All establishment sizes",7,27,1133668,0,0,810,42118,"",1.47,0.27,0.20,0.00,0.00,0.76,0.76,"",2,40.0,0,0.0,191576,20.3,0,0.0,0,0.0,145,21.8,7546,21.8
"C3170","5","525","45","0","2000","A","","Manchester-Nashua, NH MSA","Private","Funds, trusts, and other financial vehicles","MSA, NAICS 3-digit -- by ownership sector","All establishment sizes",10,70,3449697,0,0,952,49517,"",1.22,0.55,0.35,0.00,0.00,0.65,0.65,"",0,0.0,-1,-1.4,238264,7.4,0,0.0,0,0.0,85,9.8,4444,9.9
"C3326","5","525","45","0","2000","A","","Midland, TX MSA","Private","Funds, trusts, and other financial vehicles","MSA, NAICS 3-digit -- by ownership sector","All establishment sizes",9,16,485609,0,0,587,30509,"",3.44,0.47,0.24,0.00,0.00,0.50,0.50,"",2,28.6,3,23.1,69418,16.7,0,0.0,0,0.0,-41,-6.5,-2133,-6.5
"C3386","5","525","45","0","2000","A","","Montgomery, AL MSA","Private","Funds, trusts, and other financial vehicles","MSA, NAICS 3-digit -- by ownership sector","All establishment sizes",5,49,2308975,0,0,916,47608,"",0.86,0.47,0.40,0.00,0.00,0.86,0.86,"",2,66.7,9,22.5,671040,41.0,0,0.0,0,0.0,127,16.1,6574,16.0
"C3494","5","525","45","0","2000","A","","Naples-Immokalee-Marco Island, FL MSA","Private","Funds, trusts, and other financial vehicles","MSA, NAICS 3-digit -- by ownership sector","All establishment sizes",18,48,3574596,0,0,1430,74342,"",3.03,0.70,0.90,0.00,0.00,1.27,1.27,"",0,0.0,2,4.3,1374068,62.4,0,0.0,0,0.0,502,54.1,26067,54.0
"C3530","5","525","45","0","2000","A","","New Haven-Milford, CT MSA","Private","Funds, trusts, and other financial vehicles","MSA, NAICS 3-digit -- by ownership sector","All establishment sizes",33,163,8287470,0,0,977,50817,"",2.25,0.67,0.46,0.00,0.00,0.68,0.68,"",4,13.8,13,8.7,1729106,26.4,0,0.0,0,0.0,136,16.2,7070,16.2
"C3710","5","525","45","0","2000","A","","Oxnard-Thousand Oaks-Ventura, CA MSA","Private","Funds, trusts, and other financial vehicles","MSA, NAICS 3-digit -- by ownership sector","All establishment sizes",9,11,301889,0,0,516,26835,"",0.73,0.06,0.02,0.00,0.00,0.37,0.37,"",0,0.0,2,22.2,7439,2.5,0,0.0,0,0.0,-150,-22.5,-7806,-22.5
"C3910","5","525","45","0","2000","A","","Poughkeepsie-Newburgh-Middletown, NY MSA","Private","Funds, trusts, and other financial vehicles","MSA, NAICS 3-digit -- by ownership sector","All establishment sizes",8,32,1272735,0,0,755,39262,"",0.78,0.21,0.13,0.00,0.00,0.61,0.61,"",0,0.0,1,3.2,288030,29.3,0,0.0,0,0.0,151,25.0,7835,24.9
"C3958","5","525","45","0","2000","A","","Raleigh, NC MSA","Private","Funds, trusts, and other financial vehicles","MSA, NAICS 3-digit -- by ownership sector","All establishment sizes",10,40,1584767,0,0,770,40036,"",0.59,0.14,0.08,0.00,0.00,0.60,0.60,"",2,25.0,12,42.9,350470,28.4,0,0.0,0,0.0,-83,-9.7,-4310,-9.7
"C4038","5","525","45","0","2000","A","","Rochester, NY MSA","Private","Funds, trusts, and other financial vehicles","MSA, NAICS 3-digit -- by ownership sector","All establishment sizes",11,72,2917375,0,0,779,40519,"",0.70,0.21,0.13,0.00,0.00,0.62,0.62,"",-2,-15.4,0,0.0,-305559,-9.5,0,0.0,0,0.0,-83,-9.6,-4296,-9.6
"C4090","5","525","45","0","2000","A","","Sacramento--Roseville--Arden-Arcade, CA MSA","Private","Funds, trusts, and other financial vehicles","MSA, NAICS 3-digit -- by ownership sector","All establishment sizes",27,1753,72498467,0,0,795,41361,"",0.75,3.28,1.91,0.00,0.00,0.58,0.58,"",4,17.4,-16,-0.9,9945560,15.9,0,0.0,0,0.0,115,16.9,6000,17.0
"C4150","5","525","45","0","2000","A","","Salinas, CA MSA","Private","Funds, trusts, and other financial vehicles","MSA, NAICS 3-digit -- by ownership sector","All establishment sizes",7,36,1321699,0,0,713,37057,"",0.97,0.33,0.21,0.00,0.00,0.63,0.63,"",-2,-22.2,1,2.9,120509,10.0,0,0.0,0,0.0,50,7.5,2573,7.5
"C4198","5","525","45","0","2000","A","","San Juan-Carolina-Caguas, PR MSA","Private","Funds, trusts, and other financial vehicles","MSA, NAICS 3-digit -- by ownership sector","All establishment sizes",6,47,1224757,0,0,497,25830,"",0.25,0.09,0.06,0.00,0.00,0.67,0.67,"",0,0.0,-1,-2.1,-43732,-3.4,0,0.0,0,0.0,-13,-2.5,-689,-2.6
"C4206","5","525","45","0","2000","A","","Santa Barbara-Santa Maria-Goleta, CA MSA","Private","Funds, trusts, and other financial vehicles","MSA, NAICS 3-digit -- by ownership sector","All establishment sizes",17,45,2256083,0,0,968,50322,"",2.06,0.38,0.30,0.00,0.00,0.79,0.79,"",3,21.4,3,7.1,74538,3.4,0,0.0,0,0.0,-39,-3.9,-2035,-3.9
"C4214","5","525","45","0","2000","A","","Santa Fe, NM MSA","Private","Funds, trusts, and other financial vehicles","MSA, NAICS 3-digit -- by ownership sector","All establishment sizes",4,6,353846,0,0,1103,57380,"",1.21,0.16,0.17,0.00,0.00,1.04,1.04,"",0,0.0,-8,-57.1,20376,6.1,0,0.0,0,0.0,639,137.7,33274,138.0
"C4222","5","525","45","0","2000","A","","Santa Rosa, CA MSA","Private","Funds, trusts, and other financial vehicles","MSA, NAICS 3-digit -- by ownership sector","All establishment sizes",6,44,2248409,0,0,981,51004,"",0.58,0.35,0.25,0.00,0.00,0.73,0.73,"",0,0.0,3,7.3,319114,16.5,0,0.0,0,0.0,65,7.1,3367,7.1
"C4406","5","525","45","0","2000","A","","Spokane-Spokane Valley, WA MSA","Private","Funds, trusts, and other financial vehicles","MSA, NAICS 3-digit -- by ownership sector","All establishment sizes",8,47,1428324,0,0,584,30390,"",0.83,0.38,0.20,0.00,0.00,0.53,0.53,"",1,14.3,-6,-11.3,-34365,-2.3,0,0.0,0,0.0,53,10.0,2792,10.1
"C4594","5","525","45","0","2000","A","","Trenton, NJ MSA","Private","Funds, trusts, and other financial vehicles","MSA, NAICS 3-digit -- by ownership sector","All establishment sizes",8,51,2350334,0,0,895,46541,"",1.28,0.37,0.20,0.00,0.00,0.53,0.54,"",1,14.3,6,13.3,454190,24.0,0,0.0,0,0.0,83,10.2,4326,10.2
"C4670","5","525","45","0","2000","A","","Vallejo-Fairfield, CA MSA","Private","Funds, trusts, and other financial vehicles","MSA, NAICS 3-digit -- by ownership sector","All establishment sizes",3,15,396764,0,0,506,26305,"",0.56,0.19,0.08,0.00,0.00,0.43,0.43,"N",0,0,0,0,0,0,0,0,0,0,0,0,0,0
"C4934","5","525","45","0","2000","A","","Worcester, MA-CT MSA","Private","Funds, trusts, and other financial vehicles","MSA, NAICS 3-digit -- by ownership sector","All establishment sizes",13,51,1922112,0,0,726,37750,"",1.06,0.24,0.13,0.00,0.00,0.52,0.52,"",2,18.2,13,34.2,669655,53.5,0,0.0,0,0.0,84,13.1,4351,13.0
"US000","1","525","15","0","2000","A","","U.S. TOTAL","Federal Government","Funds, trusts, and other financial vehicles","National, NAICS 3-digit -- by ownership sector","All establishment sizes",3,18,846353,0,0,930,48363,"",1.00,1.00,1.00,0.00,0.00,1.00,1.00,"",0,0.0,2,12.5,41971,5.2,0,0.0,0,0.0,-27,-2.8,-1393,-2.8
"US000","2","525","15","0","2000","A","","U.S. TOTAL","State Government","Funds, trusts, and other financial vehicles","National, NAICS 3-digit -- by ownership sector","All establishment sizes",23,4288,186477552,0,0,836,43489,"",1.00,1.00,1.00,0.00,0.00,1.00,1.00,"",-5,-17.9,-1071,-20.0,-19056283,-9.3,0,0.0,0,0.0,98,13.3,5138,13.4
"US000","3","525","15","0","2000","A","","U.S. TOTAL","Local Government","Funds, trusts, and other financial vehicles","National, NAICS 3-digit -- by ownership sector","All establishment sizes",40,754,32057588,0,0,818,42545,"",1.00,1.00,1.00,0.00,0.00,1.00,1.00,"",0,0.0,53,7.6,3194646,11.1,0,0.0,0,0.0,26,3.3,1376,3.3
"US000","5","525","15","0","2000","A","","U.S. TOTAL","Private","Funds, trusts, and other financial vehicles","National, NAICS 3-digit -- by ownership sector","All establishment sizes",5292,85824,5930718426,0,0,1329,69103,"",1.00,1.00,1.00,0.00,0.00,1.00,1.00,"",177,3.5,4483,5.5,906165234,18.0,0,0.0,0,0.0,141,11.9,7331,11.9
